{
	"width" : 1920,
	"height" : 1080,
	"intrinsic_matrix" :
	[
		1078.68499,
		0,
		0,
		0,
		1076.4742562,
		0,
		952.6592286,
		530.7386644,
		1
	]
}
